<?xml version="1.0" encoding="UTF-8"?>
<GenRun Id="impl_1" LaunchPart="xc7a35ticpg236-1L" LaunchTime="1699894006">
  <File Type="BITSTR-BMM" Name="muti_for_bd.bmm"/>
  <File Type="OPT-METHODOLOGY-DRC" Name="muti_for_methodology_drc_opted.rpt"/>
  <File Type="INIT-TIMING" Name="muti_for_timing_summary_init.rpt"/>
  <File Type="ROUTE-PWR" Name="muti_for_power_routed.rpt"/>
  <File Type="PA-TCL" Name="muti_for.tcl"/>
  <File Type="OPT-TIMING" Name="muti_for_timing_summary_opted.rpt"/>
  <File Type="OPT-DCP" Name="muti_for_opt.dcp"/>
  <File Type="ROUTE-PWR-SUM" Name="muti_for_power_summary_routed.pb"/>
  <File Type="REPORTS-TCL" Name="muti_for_reports.tcl"/>
  <File Type="OPT-DRC" Name="muti_for_drc_opted.rpt"/>
  <File Type="OPT-HWDEF" Name="muti_for.hwdef"/>
  <File Type="PWROPT-DCP" Name="muti_for_pwropt.dcp"/>
  <File Type="PWROPT-DRC" Name="muti_for_drc_pwropted.rpt"/>
  <File Type="PWROPT-TIMING" Name="muti_for_timing_summary_pwropted.rpt"/>
  <File Type="PLACE-DCP" Name="muti_for_placed.dcp"/>
  <File Type="PLACE-IO" Name="muti_for_io_placed.rpt"/>
  <File Type="PLACE-CLK" Name="muti_for_clock_utilization_placed.rpt"/>
  <File Type="PLACE-UTIL" Name="muti_for_utilization_placed.rpt"/>
  <File Type="PLACE-UTIL-PB" Name="muti_for_utilization_placed.pb"/>
  <File Type="PLACE-CTRL" Name="muti_for_control_sets_placed.rpt"/>
  <File Type="PLACE-SIMILARITY" Name="muti_for_incremental_reuse_placed.rpt"/>
  <File Type="PLACE-PRE-SIMILARITY" Name="muti_for_incremental_reuse_pre_placed.rpt"/>
  <File Type="BG-BGN" Name="muti_for.bgn"/>
  <File Type="PLACE-TIMING" Name="muti_for_timing_summary_placed.rpt"/>
  <File Type="POSTPLACE-PWROPT-DCP" Name="muti_for_postplace_pwropt.dcp"/>
  <File Type="BG-BIN" Name="muti_for.bin"/>
  <File Type="POSTPLACE-PWROPT-TIMING" Name="muti_for_timing_summary_postplace_pwropted.rpt"/>
  <File Type="PHYSOPT-DCP" Name="muti_for_physopt.dcp"/>
  <File Type="PHYSOPT-DRC" Name="muti_for_drc_physopted.rpt"/>
  <File Type="BITSTR-MSK" Name="muti_for.msk"/>
  <File Type="PHYSOPT-TIMING" Name="muti_for_timing_summary_physopted.rpt"/>
  <File Type="ROUTE-ERROR-DCP" Name="muti_for_routed_error.dcp"/>
  <File Type="ROUTE-DCP" Name="muti_for_routed.dcp"/>
  <File Type="ROUTE-BLACKBOX-DCP" Name="muti_for_routed_bb.dcp"/>
  <File Type="ROUTE-DRC" Name="muti_for_drc_routed.rpt"/>
  <File Type="ROUTE-DRC-PB" Name="muti_for_drc_routed.pb"/>
  <File Type="BITSTR-LTX" Name="debug_nets.ltx"/>
  <File Type="BITSTR-LTX" Name="muti_for.ltx"/>
  <File Type="ROUTE-DRC-RPX" Name="muti_for_drc_routed.rpx"/>
  <File Type="BITSTR-MMI" Name="muti_for.mmi"/>
  <File Type="ROUTE-METHODOLOGY-DRC" Name="muti_for_methodology_drc_routed.rpt"/>
  <File Type="ROUTE-METHODOLOGY-DRC-RPX" Name="muti_for_methodology_drc_routed.rpx"/>
  <File Type="BITSTR-SYSDEF" Name="muti_for.sysdef"/>
  <File Type="ROUTE-METHODOLOGY-DRC-PB" Name="muti_for_methodology_drc_routed.pb"/>
  <File Type="ROUTE-PWR-RPX" Name="muti_for_power_routed.rpx"/>
  <File Type="ROUTE-STATUS" Name="muti_for_route_status.rpt"/>
  <File Type="ROUTE-STATUS-PB" Name="muti_for_route_status.pb"/>
  <File Type="ROUTE-TIMINGSUMMARY" Name="muti_for_timing_summary_routed.rpt"/>
  <File Type="ROUTE-TIMING-PB" Name="muti_for_timing_summary_routed.pb"/>
  <File Type="ROUTE-TIMING-RPX" Name="muti_for_timing_summary_routed.rpx"/>
  <File Type="ROUTE-SIMILARITY" Name="muti_for_incremental_reuse_routed.rpt"/>
  <File Type="ROUTE-CLK" Name="muti_for_clock_utilization_routed.rpt"/>
  <File Type="ROUTE-BUS-SKEW" Name="muti_for_bus_skew_routed.rpt"/>
  <File Type="ROUTE-BUS-SKEW-PB" Name="muti_for_bus_skew_routed.pb"/>
  <File Type="ROUTE-BUS-SKEW-RPX" Name="muti_for_bus_skew_routed.rpx"/>
  <File Type="POSTROUTE-PHYSOPT-DCP" Name="muti_for_postroute_physopt.dcp"/>
  <File Type="POSTROUTE-PHYSOPT-BLACKBOX-DCP" Name="muti_for_postroute_physopt_bb.dcp"/>
  <File Type="POSTROUTE-PHYSOPT-TIMING" Name="muti_for_timing_summary_postroute_physopted.rpt"/>
  <File Type="POSTROUTE-PHYSOPT-TIMING-PB" Name="muti_for_timing_summary_postroute_physopted.pb"/>
  <File Type="POSTROUTE-PHYSOPT-TIMING-RPX" Name="muti_for_timing_summary_postroute_physopted.rpx"/>
  <File Type="POSTROUTE-PHYSOPT-BUS-SKEW" Name="muti_for_bus_skew_postroute_physopted.rpt"/>
  <File Type="POSTROUTE-PHYSOPT-BUS-SKEW-PB" Name="muti_for_bus_skew_postroute_physopted.pb"/>
  <File Type="BG-BIT" Name="muti_for.bit"/>
  <File Type="POSTROUTE-PHYSOPT-BUS-SKEW-RPX" Name="muti_for_bus_skew_postroute_physopted.rpx"/>
  <File Type="BITSTR-RBT" Name="muti_for.rbt"/>
  <File Type="BITSTR-NKY" Name="muti_for.nky"/>
  <File Type="BG-DRC" Name="muti_for.drc"/>
  <File Type="RDI-RDI" Name="muti_for.vdi"/>
  <File Type="WBT-USG" Name="usage_statistics_webtalk.html"/>
  <FileSet Name="sources" Type="DesignSrcs" RelSrcDir="$PSRCDIR/sources_1">
    <Filter Type="Srcs"/>
    <File Path="$PSRCDIR/sources_1/new/muti_for.v">
      <FileInfo>
        <Attr Name="UsedIn" Val="synthesis"/>
        <Attr Name="UsedIn" Val="implementation"/>
        <Attr Name="UsedIn" Val="simulation"/>
      </FileInfo>
    </File>
    <Config>
      <Option Name="DesignMode" Val="RTL"/>
      <Option Name="TopModule" Val="muti_for"/>
      <Option Name="TopAutoSet" Val="TRUE"/>
    </Config>
  </FileSet>
  <FileSet Name="constrs_in" Type="Constrs" RelSrcDir="$PSRCDIR/constrs_1">
    <Filter Type="Constrs"/>
    <Config>
      <Option Name="ConstrsType" Val="XDC"/>
    </Config>
  </FileSet>
  <FileSet Name="utils" Type="Utils" RelSrcDir="$PSRCDIR/utils_1">
    <Filter Type="Utils"/>
    <Config>
      <Option Name="TopAutoSet" Val="TRUE"/>
    </Config>
  </FileSet>
  <Strategy Version="1" Minor="2">
    <StratHandle Name="Vivado Implementation Defaults" Flow="Vivado Implementation 2018"/>
    <Step Id="init_design"/>
    <Step Id="opt_design"/>
    <Step Id="power_opt_design"/>
    <Step Id="place_design"/>
    <Step Id="post_place_power_opt_design"/>
    <Step Id="phys_opt_design"/>
    <Step Id="route_design"/>
    <Step Id="post_route_phys_opt_design"/>
    <Step Id="write_bitstream"/>
  </Strategy>
</GenRun>
