<?xml version="1.0" encoding="UTF-8"?>
<GenRun Id="synth_1" LaunchPart="xc7a35ticpg236-1L" LaunchTime="1699893984">
  <File Type="PA-TCL" Name="muti_for.tcl"/>
  <File Type="RDS-PROPCONSTRS" Name="muti_for_drc_synth.rpt"/>
  <File Type="REPORTS-TCL" Name="muti_for_reports.tcl"/>
  <File Type="RDS-RDS" Name="muti_for.vds"/>
  <File Type="RDS-UTIL" Name="muti_for_utilization_synth.rpt"/>
  <File Type="RDS-UTIL-PB" Name="muti_for_utilization_synth.pb"/>
  <File Type="RDS-DCP" Name="muti_for.dcp"/>
  <File Type="VDS-TIMINGSUMMARY" Name="muti_for_timing_summary_synth.rpt"/>
  <File Type="VDS-TIMING-PB" Name="muti_for_timing_summary_synth.pb"/>
  <FileSet Name="sources" Type="DesignSrcs" RelSrcDir="$PSRCDIR/sources_1">
    <Filter Type="Srcs"/>
    <File Path="$PSRCDIR/sources_1/new/muti_for.v">
      <FileInfo>
        <Attr Name="UsedIn" Val="synthesis"/>
        <Attr Name="UsedIn" Val="implementation"/>
        <Attr Name="UsedIn" Val="simulation"/>
      </FileInfo>
    </File>
    <Config>
      <Option Name="DesignMode" Val="RTL"/>
      <Option Name="TopModule" Val="muti_for"/>
      <Option Name="TopAutoSet" Val="TRUE"/>
    </Config>
  </FileSet>
  <FileSet Name="constrs_in" Type="Constrs" RelSrcDir="$PSRCDIR/constrs_1">
    <Filter Type="Constrs"/>
    <Config>
      <Option Name="ConstrsType" Val="XDC"/>
    </Config>
  </FileSet>
  <FileSet Name="utils" Type="Utils" RelSrcDir="$PSRCDIR/utils_1">
    <Filter Type="Utils"/>
    <Config>
      <Option Name="TopAutoSet" Val="TRUE"/>
    </Config>
  </FileSet>
  <Strategy Version="1" Minor="2">
    <StratHandle Name="Vivado Synthesis Defaults" Flow="Vivado Synthesis 2018"/>
    <Step Id="synth_design"/>
  </Strategy>
</GenRun>
