<?xml version="1.0" encoding="UTF-8"?>
<GenRun Id="impl_1" LaunchPart="xc7a35ticpg236-1L" LaunchTime="1699894115">
  <File Type="BITSTR-BMM" Name="mult_plineing_bd.bmm"/>
  <File Type="OPT-METHODOLOGY-DRC" Name="mult_plineing_methodology_drc_opted.rpt"/>
  <File Type="INIT-TIMING" Name="mult_plineing_timing_summary_init.rpt"/>
  <File Type="ROUTE-PWR" Name="mult_plineing_power_routed.rpt"/>
  <File Type="PA-TCL" Name="mult_plineing.tcl"/>
  <File Type="OPT-TIMING" Name="mult_plineing_timing_summary_opted.rpt"/>
  <File Type="OPT-DCP" Name="mult_plineing_opt.dcp"/>
  <File Type="ROUTE-PWR-SUM" Name="mult_plineing_power_summary_routed.pb"/>
  <File Type="REPORTS-TCL" Name="mult_plineing_reports.tcl"/>
  <File Type="OPT-DRC" Name="mult_plineing_drc_opted.rpt"/>
  <File Type="OPT-HWDEF" Name="mult_plineing.hwdef"/>
  <File Type="PWROPT-DCP" Name="mult_plineing_pwropt.dcp"/>
  <File Type="PWROPT-DRC" Name="mult_plineing_drc_pwropted.rpt"/>
  <File Type="PWROPT-TIMING" Name="mult_plineing_timing_summary_pwropted.rpt"/>
  <File Type="PLACE-DCP" Name="mult_plineing_placed.dcp"/>
  <File Type="PLACE-IO" Name="mult_plineing_io_placed.rpt"/>
  <File Type="PLACE-CLK" Name="mult_plineing_clock_utilization_placed.rpt"/>
  <File Type="PLACE-UTIL" Name="mult_plineing_utilization_placed.rpt"/>
  <File Type="PLACE-UTIL-PB" Name="mult_plineing_utilization_placed.pb"/>
  <File Type="PLACE-CTRL" Name="mult_plineing_control_sets_placed.rpt"/>
  <File Type="PLACE-SIMILARITY" Name="mult_plineing_incremental_reuse_placed.rpt"/>
  <File Type="PLACE-PRE-SIMILARITY" Name="mult_plineing_incremental_reuse_pre_placed.rpt"/>
  <File Type="BG-BGN" Name="mult_plineing.bgn"/>
  <File Type="PLACE-TIMING" Name="mult_plineing_timing_summary_placed.rpt"/>
  <File Type="POSTPLACE-PWROPT-DCP" Name="mult_plineing_postplace_pwropt.dcp"/>
  <File Type="BG-BIN" Name="mult_plineing.bin"/>
  <File Type="POSTPLACE-PWROPT-TIMING" Name="mult_plineing_timing_summary_postplace_pwropted.rpt"/>
  <File Type="PHYSOPT-DCP" Name="mult_plineing_physopt.dcp"/>
  <File Type="PHYSOPT-DRC" Name="mult_plineing_drc_physopted.rpt"/>
  <File Type="BITSTR-MSK" Name="mult_plineing.msk"/>
  <File Type="PHYSOPT-TIMING" Name="mult_plineing_timing_summary_physopted.rpt"/>
  <File Type="ROUTE-ERROR-DCP" Name="mult_plineing_routed_error.dcp"/>
  <File Type="ROUTE-DCP" Name="mult_plineing_routed.dcp"/>
  <File Type="ROUTE-BLACKBOX-DCP" Name="mult_plineing_routed_bb.dcp"/>
  <File Type="ROUTE-DRC" Name="mult_plineing_drc_routed.rpt"/>
  <File Type="ROUTE-DRC-PB" Name="mult_plineing_drc_routed.pb"/>
  <File Type="BITSTR-LTX" Name="debug_nets.ltx"/>
  <File Type="BITSTR-LTX" Name="mult_plineing.ltx"/>
  <File Type="ROUTE-DRC-RPX" Name="mult_plineing_drc_routed.rpx"/>
  <File Type="BITSTR-MMI" Name="mult_plineing.mmi"/>
  <File Type="ROUTE-METHODOLOGY-DRC" Name="mult_plineing_methodology_drc_routed.rpt"/>
  <File Type="ROUTE-METHODOLOGY-DRC-RPX" Name="mult_plineing_methodology_drc_routed.rpx"/>
  <File Type="BITSTR-SYSDEF" Name="mult_plineing.sysdef"/>
  <File Type="ROUTE-METHODOLOGY-DRC-PB" Name="mult_plineing_methodology_drc_routed.pb"/>
  <File Type="ROUTE-PWR-RPX" Name="mult_plineing_power_routed.rpx"/>
  <File Type="ROUTE-STATUS" Name="mult_plineing_route_status.rpt"/>
  <File Type="ROUTE-STATUS-PB" Name="mult_plineing_route_status.pb"/>
  <File Type="ROUTE-TIMINGSUMMARY" Name="mult_plineing_timing_summary_routed.rpt"/>
  <File Type="ROUTE-TIMING-PB" Name="mult_plineing_timing_summary_routed.pb"/>
  <File Type="ROUTE-TIMING-RPX" Name="mult_plineing_timing_summary_routed.rpx"/>
  <File Type="ROUTE-SIMILARITY" Name="mult_plineing_incremental_reuse_routed.rpt"/>
  <File Type="ROUTE-CLK" Name="mult_plineing_clock_utilization_routed.rpt"/>
  <File Type="ROUTE-BUS-SKEW" Name="mult_plineing_bus_skew_routed.rpt"/>
  <File Type="ROUTE-BUS-SKEW-PB" Name="mult_plineing_bus_skew_routed.pb"/>
  <File Type="ROUTE-BUS-SKEW-RPX" Name="mult_plineing_bus_skew_routed.rpx"/>
  <File Type="POSTROUTE-PHYSOPT-DCP" Name="mult_plineing_postroute_physopt.dcp"/>
  <File Type="POSTROUTE-PHYSOPT-BLACKBOX-DCP" Name="mult_plineing_postroute_physopt_bb.dcp"/>
  <File Type="POSTROUTE-PHYSOPT-TIMING" Name="mult_plineing_timing_summary_postroute_physopted.rpt"/>
  <File Type="POSTROUTE-PHYSOPT-TIMING-PB" Name="mult_plineing_timing_summary_postroute_physopted.pb"/>
  <File Type="POSTROUTE-PHYSOPT-TIMING-RPX" Name="mult_plineing_timing_summary_postroute_physopted.rpx"/>
  <File Type="POSTROUTE-PHYSOPT-BUS-SKEW" Name="mult_plineing_bus_skew_postroute_physopted.rpt"/>
  <File Type="POSTROUTE-PHYSOPT-BUS-SKEW-PB" Name="mult_plineing_bus_skew_postroute_physopted.pb"/>
  <File Type="BG-BIT" Name="mult_plineing.bit"/>
  <File Type="POSTROUTE-PHYSOPT-BUS-SKEW-RPX" Name="mult_plineing_bus_skew_postroute_physopted.rpx"/>
  <File Type="BITSTR-RBT" Name="mult_plineing.rbt"/>
  <File Type="BITSTR-NKY" Name="mult_plineing.nky"/>
  <File Type="BG-DRC" Name="mult_plineing.drc"/>
  <File Type="RDI-RDI" Name="mult_plineing.vdi"/>
  <File Type="WBT-USG" Name="usage_statistics_webtalk.html"/>
  <FileSet Name="sources" Type="DesignSrcs" RelSrcDir="$PSRCDIR/sources_1">
    <Filter Type="Srcs"/>
    <File Path="$PSRCDIR/sources_1/new/mult_plineing.v">
      <FileInfo>
        <Attr Name="UsedIn" Val="synthesis"/>
        <Attr Name="UsedIn" Val="implementation"/>
        <Attr Name="UsedIn" Val="simulation"/>
      </FileInfo>
    </File>
    <Config>
      <Option Name="DesignMode" Val="RTL"/>
      <Option Name="TopModule" Val="mult_plineing"/>
      <Option Name="TopAutoSet" Val="TRUE"/>
    </Config>
  </FileSet>
  <FileSet Name="constrs_in" Type="Constrs" RelSrcDir="$PSRCDIR/constrs_1">
    <Filter Type="Constrs"/>
    <Config>
      <Option Name="ConstrsType" Val="XDC"/>
    </Config>
  </FileSet>
  <FileSet Name="utils" Type="Utils" RelSrcDir="$PSRCDIR/utils_1">
    <Filter Type="Utils"/>
    <Config>
      <Option Name="TopAutoSet" Val="TRUE"/>
    </Config>
  </FileSet>
  <Strategy Version="1" Minor="2">
    <StratHandle Name="Vivado Implementation Defaults" Flow="Vivado Implementation 2018"/>
    <Step Id="init_design"/>
    <Step Id="opt_design"/>
    <Step Id="power_opt_design"/>
    <Step Id="place_design"/>
    <Step Id="post_place_power_opt_design"/>
    <Step Id="phys_opt_design"/>
    <Step Id="route_design"/>
    <Step Id="post_route_phys_opt_design"/>
    <Step Id="write_bitstream"/>
  </Strategy>
</GenRun>
